<?xml version="1.0" encoding="UTF-8"?>
<beans xmlns="http://www.springframework.org/schema/beans"
		xmlns:context="http://www.springframework.org/schema/context"
		xmlns:tx="http://www.springframework.org/schema/tx"
		xmlns:xsi="http://www.w3.org/2001/XMLSchema-instance"
		xsi:schemaLocation="http://www.springframework.org/schema/beans
           http://www.springframework.org/schema/beans/spring-beans-3.2.xsd
           http://www.springframework.org/schema/context
           http://www.springframework.org/schema/context/spring-context-3.2.xsd
           http://www.springframework.org/schema/tx
           http://www.springframework.org/schema/tx/spring-tx-3.2.xsd">

	<context:annotation-config/><!-- Activa anotaciones en Spring -->
	<context:spring-configured/><!-- Activa ID por Autowired -->
	<context:component-scan 
		base-package="es.indra.formacion.pr.spring.config"/>

	<bean 
			id="entityManagerFactory" 
			class="org.springframework.orm.jpa.LocalEntityManagerFactoryBean">
		<property name="persistenceUnitName" value="PersonaJpa" />
	</bean>
	
	<bean
			id="entityManager"
			factory-bean="entityManagerFactory"
			factory-method="createEntityManager"/>
	
	<bean 
			id="transactionManager" 
			class="org.springframework.orm.jpa.JpaTransactionManager">
		<property name="entityManagerFactory" ref="entityManagerFactory" />
	</bean>
	
	<tx:annotation-driven transaction-manager="transactionManager"/>
</beans>