<?xml version="1.0" encoding="UTF-8"?>
<!DOCTYPE hibernate-configuration PUBLIC
		"-//Hibernate/Hibernate Configuration DTD 3.0//EN"
		"http://hibernate.sourceforge.net/hibernate-configuration-3.0.dtd">
<hibernate-configuration>
    <session-factory>
        <property name="hibernate.connection.driver_class">
        	org.apache.derby.jdbc.ClientDriver
        </property> 
        <property name="hibernate.connection.url">jdbc:derby://localhost/persona</property>
        <property name="hibernate.connection.password">123</property>
        <property name="hibernate.connection.username">user</property>
        <property name="hibernate.dialect">org.hibernate.dialect.DerbyTenSevenDialect</property>
        <property name="show_sql">true</property> 

        <!-- property name="hibernate.hbm2ddl.auto">update</property-->
 		<!-- property name="hibernate.cache.use_query_cache">false</property-->
     </session-factory>
</hibernate-configuration>