<?xml version="1.0" encoding="UTF-8"?>
<coches xmlns:xsi="http://www.w3.org/2001/XMLSchema-instance"
      xsi:noNamespaceSchemaLocation="#mySchema">
	
	<xs:schema id="mySchema" xmlns:xs="http://www.w3.org/2001/XMLSchema">
		<xs:element name="persona">
			<xs:complexType>
				<xs:sequence>
					<xs:element name="nombre" type="xs:string"/>
					<xs:element name="apellido" type="xs:string"/>
					<xs:element name="fechaNacimiento" type="xs:date"/>
					<xs:element name="altura" type="xs:int"/>
					<xs:element name="ordenadores" ref="ordenadores"/>
				</xs:sequence>
				<xs:attribute name="id" type="xs:int" use="required"/> 
			</xs:complexType>
		</xs:element>

		<xs:element name="personas">
			<xs:complexType>
				<xs:sequence>
					<xs:element 
						name="persona" ref="persona" maxOccours="unbound"/>
				</xs:sequence>
			</xs:complexType>
		</xs:element>

		<xs:element name="ordenador">
			<xs:complexType>
				<xs:sequence>
					<xs:element name="nombre" type="xs:string"/>
					<xs:element name="serial" type="xs:string"/>
				</xs:sequence>
				<xs:attribute name="id" type="xs:int" use="required"/> 
			</xs:complexType>
		</xs:element>

		<xs:element name="ordenadores">
			<xs:complexType>
				<xs:sequence>
					<xs:element name="ordenador" 
						ref="ordenador" maxOccours="unbound"/>
				</xs:sequence>
			</xs:complexType>
		</xs:element>

		<xs:element name="coche">
			<xs:complexType>
				<xs:sequence>
					<xs:element name="matricula" type="xs:string"/>
					<xs:element name="marca" type="xs:string"/>
					<xs:element name="personas" ref="personas"/>
				</xs:sequence>
				<xs:attribute name="id" type="xs:int" use="required"/> 
			</xs:complexType>
		</xs:element>

		<xs:element name="coches">
			<xs:complexType>
				<xs:sequence>
					<xs:element name="coche" ref="coche"/>
				</xs:sequence>
			</xs:complexType>
		</xs:element>
	</xs:schema>

	<coche id="1">
		<matricula>1234BCD</matricula>
		<marca>Seat</marca>
		<personas>
			<persona id="1">
				<nombre>Juan</nombre>
				<apellido>Pérez</apellido>
				<fechaNacimiento>1980-01-03</fechaNacimiento>
				<altura>180</altura>
				<ordenadores>
					<ordenador id="1">
						<nombre>uno</nombre>
						<serial>123</serial>
					</ordenador>
					<ordenador id="4">
						<nombre>cuatro</nombre>
						<serial>012</serial>
					</ordenador>
				</ordenadores>
			</persona>
			<persona id="2">
				<nombre>María</nombre>
				<apellido>González</apellido>
				<fechaNacimiento>1970-04-20</fechaNacimiento>
				<altura>160</altura>
				<ordenadores>
					<ordenador id="2">
						<nombre>dos</nombre>
						<serial>456</serial>
					</ordenador>
				</ordenadores>
			</persona>
		</personas>
	</coche>
	<coche id="2">
		<matricula>5678FGH</matricula>
		<marca>Ferrari</marca>
		<personas>
			<persona id="2">
				<nombre>María</nombre>
				<apellido>González</apellido>
				<fechaNacimiento>1970-04-20</fechaNacimiento>
				<altura>160</altura>
				<ordenadores>
					<ordenador id="2">
						<nombre>dos</nombre>
						<serial>456</serial>
					</ordenador>
				</ordenadores>
			</persona>
		</personas>
	</coche>
</coches>
