<?xml version="1.0" encoding="UTF-8"?>
<!DOCTYPE coches [
<!ELEMENT coches (coche*)>
<!ELEMENT coche (matricula, marca, personas)>
<!ELEMENT matricula (#PCDATA)>
<!ELEMENT marca (#PCDATA)>
<!ATTLIST coche id CDATA #REQUIRED>
<!ELEMENT personas (persona*)>
<!ELEMENT persona (nombre, apellido, fechaNacimiento, altura, ordenadores?)>
<!ATTLIST persona id CDATA #REQUIRED>
<!ELEMENT nombre (#PCDATA)>
<!ELEMENT apellido (#PCDATA)>
<!ELEMENT fechaNacimiento (#PCDATA)>
<!ELEMENT altura (#PCDATA)>
<!ELEMENT ordenadores (ordenador+)>
<!ELEMENT ordenador (nombre, serial)>
<!ATTLIST ordenador id CDATA #REQUIRED>
<!ELEMENT serial (#PCDATA)>
]>
<coches>
	<coche id="1">
		<matricula>1234BCD</matricula>
		<marca>Seat</marca>
		<personas>
			<persona id="1">
				<nombre>Juan</nombre>
				<apellido>Pérez</apellido>
				<fechaNacimiento>1980-01-03</fechaNacimiento>
				<altura>180</altura>
				<ordenadores>
					<ordenador id="1">
						<nombre>uno</nombre>
						<serial>123</serial>
					</ordenador>
					<ordenador id="4">
						<nombre>cuatro</nombre>
						<serial>012</serial>
					</ordenador>
				</ordenadores>
			</persona>
			<persona id="2">
				<nombre>María</nombre>
				<apellido>González</apellido>
				<fechaNacimiento>1970-04-20</fechaNacimiento>
				<altura>160</altura>
				<ordenadores>
					<ordenador id="2">
						<nombre>dos</nombre>
						<serial>456</serial>
					</ordenador>
				</ordenadores>
			</persona>
		</personas>
	</coche>
	<coche id="2">
		<matricula>5678FGH</matricula>
		<marca>Ferrari</marca>
		<personas>
			<persona id="2">
				<nombre>María</nombre>
				<apellido>González</apellido>
				<fechaNacimiento>1970-04-20</fechaNacimiento>
				<altura>160</altura>
				<ordenadores>
					<ordenador id="2">
						<nombre>dos</nombre>
						<serial>456</serial>
					</ordenador>
				</ordenadores>
			</persona>
		</personas>
	</coche>
</coches>
